thread_number,metadent_upper,metadent_lower,first_post_id,first_post_datetime
1777132983,qjv+,P1Wy,P1WOxh30y,2026/04/26(日) 01:03:03.932
1777132965,ZOvn,SEAU,SEATwGxuU,2026/04/26(日) 01:02:45.829
1777132959,gFD6,itpe,itpehvv9e,2026/04/26(日) 01:02:39.632
1777132943,U4mb,klRx,klRAlX.tx,2026/04/26(日) 01:02:23.638
1777132929,XaWP,XPnV,XPnyHagKV,2026/04/26(日) 01:02:09.758
1777132922,Gahc,Kyzq,KyzD5meMq,2026/04/26(日) 01:02:02.271
1777132914,Mj/6,rtPv,rtPy1r8ev,2026/04/26(日) 01:01:54.339
1777132904,xrdW,P1Eq,P1ETQpzeq,2026/04/26(日) 01:01:44.580
1777132901,s8hI,dg.h,dg.cmQKUh,2026/04/26(日) 01:01:41.794
1777132897,ZxeA,WU7K,WU7uAVxRK,2026/04/26(日) 01:01:37.419
1777132892,xd0q,vsp8,vsplm8w78,2026/04/26(日) 01:01:32.790
1777132874,6IaF,wNc8,wNc7CI6m8,2026/04/26(日) 01:01:14.099
1777132867,OXEt,w3dq,w3dDE98hq,2026/04/26(日) 01:01:07.379
1777132860,5on8,OZh7,OZhHt9ND7,2026/04/26(日) 01:01:00.627
1777132814,Axvh,Zs2L,Zs2Ad7K/L,2026/04/26(日) 01:00:14.346
1777132806,QRg9,gWW0,gWWQ8fbf0,2026/04/26(日) 01:00:06.332
1777132803,bTmy,GGRx,GGROh1IIx,2026/04/26(日) 01:00:03.466
1777132781,/CX9,usie,usiRFepFe,2026/04/26(日) 00:59:41.589
1777132780,PO0v,wlRa,wlRrJYr4a,2026/04/26(日) 00:59:40.400
1777132770,ggTh,NMGT,NMGg9kgTT,2026/04/26(日) 00:59:30.897
1777132763,39sl,T1nm,T1nOUM9jm,2026/04/26(日) 00:59:23.367
1777132758,t1a+,pu65,pu66Mwry5,2026/04/26(日) 00:59:18.220
1777132748,tcR1,.bvH,.bvoexrbH,2026/04/26(日) 00:59:08.706
1777132745,yqA3,8ZBy,8ZBz4cB/y,2026/04/26(日) 00:59:05.705
1777132714,dMdA,j103,j1087AKx3,2026/04/26(日) 00:58:34.555
1777132701,V0sJ,K9IP,K9I.SGcnP,2026/04/26(日) 00:58:21.742
1777132680,iykZ,/yXh,/yXtv2Bdh,2026/04/26(日) 00:58:00.535
1777132648,nt1b,gEdm,gEdrHTBFm,2026/04/26(日) 00:57:28.202
1777132617,pf7+,hU0r,hU08VPuqr,2026/04/26(日) 00:56:57.739
1777132612,7YMQ,MpEE,MpEnUpinE,2026/04/26(日) 00:56:52.180
1777132595,GB+1,M6IL,M6ICgq5BL,2026/04/26(日) 00:56:35.764
1777132591,MObr,RYP0,RYPdCfhC0,2026/04/26(日) 00:56:31.095
1777132582,xrdW,P1Eq,P1ETQpzeq,2026/04/26(日) 00:56:22.345
1777132572,AiHd,cFVH,cFV53GetH,2026/04/26(日) 00:56:12.042
1777132552,wALP,Z941,Z94bH5dW1,2026/04/26(日) 00:55:52.151
1777132540,dRPO,gt2K,gt2f3j3YK,2026/04/26(日) 00:55:40.554
1777132538,M8Fr,HXg0,HXgk8ur30,2026/04/26(日) 00:55:38.404
1777132509,NPgA,8KrU,8KrtsA5mU,2026/04/26(日) 00:55:09.933
1777132508,RWaQ,Vip3,VipFreu53,2026/04/26(日) 00:55:08.911
1777132500,t6Hp,jCgk,jCgBel8rk,2026/04/26(日) 00:55:00.338
1777132440,DNip,SPtM,SPtAh0XOM,2026/04/26(日) 00:54:00.064
1777132331,LW+J,TVDy,TVDvqUCAy,2026/04/26(日) 00:52:11.951
1777132315,vyDg,GWLm,GWL1Mj7Im,2026/04/26(日) 00:51:55.148
1777132298,gFD6,itpe,itpehvv9e,2026/04/26(日) 00:51:38.088
1777132288,XaWP,XPnV,XPnyHagKV,2026/04/26(日) 00:51:28.721
1777132279,Svxd,Oa4m,Oa4nkbiBm,2026/04/26(日) 00:51:19.945
1777132273,CC8x,tNxY,tNxTr1IrY,2026/04/26(日) 00:51:13.936
1777132269,GnXF,Eb5A,Eb58S249A,2026/04/26(日) 00:51:09.031
1777132268,NrZX,ARLb,ARLvRJ6ub,2026/04/26(日) 00:51:08.758
1777132255,pMFf,s43y,s43G9G46y,2026/04/26(日) 00:50:55.228
1777132241,pMFf,TRwi,TRwXeYaTi,2026/04/26(日) 00:50:41.338
1777132235,h/lx,N.UP,N.UCm9V/P,2026/04/26(日) 00:50:35.074
1777132231,xDie,mj0h,mj0FS91xh,2026/04/26(日) 00:50:31.611
1777132228,R3V6,1chm,1ch5bwp.m,2026/04/26(日) 00:50:28.783
1777132210,cUNW,ziOh,ziOglZZVh,2026/04/26(日) 00:50:10.985
1777132207,QVpE,YPBS,YPBKt7KzS,2026/04/26(日) 00:50:07.628
1777132198,tcR1,7H6x,7H6ig8nkx,2026/04/26(日) 00:49:58.560
1777132187,OIMc,o7Vg,o7VFuPWXg,2026/04/26(日) 00:49:47.078
1777132185,m0pJ,6o.i,6o./W9rPi,2026/04/26(日) 00:49:45.836
1777132172,0yIs,Y5UF,Y5Umby8xF,2026/04/26(日) 00:49:32.975
1777132136,xrdW,P1Eq,P1ETQpzeq,2026/04/26(日) 00:48:56.992
1777132130,ElyB,Q0BS,Q0B/943jS,2026/04/26(日) 00:48:50.579
1777132128,f2Sv,w9Kf,w9KLDFX8f,2026/04/26(日) 00:48:48.063
1777132121,jfTY,6Ek1,6Ek.wblQ1,2026/04/26(日) 00:48:41.298
1777132106,O68v,CW31,CW3IkkoH1,2026/04/26(日) 00:48:26.650
1777132092,cGGV,vQkQ,vQkmGFCBQ,2026/04/26(日) 00:48:12.584
1777132089,iykZ,/yXh,/yXtv2Bdh,2026/04/26(日) 00:48:09.913
1777132088,+D4u,duG0,duGrgbFq0,2026/04/26(日) 00:48:08.422
1777132079,5TFC,fcD2,fcDkuR.92,2026/04/26(日) 00:47:59.329
1777132063,RM4n,kHoa,kHoP1Mg.a,2026/04/26(日) 00:47:43.157
1777132056,xAKe,Lko1,LkoA19ew1,2026/04/26(日) 00:47:36.306
1777132055,ggTh,NMGT,NMGg9kgTT,2026/04/26(日) 00:47:35.592
1777132017,U4mb,klRx,klRAlX.tx,2026/04/26(日) 00:46:57.376
1777132012,gpsN,KqGq,KqG6ByvSq,2026/04/26(日) 00:46:52.586
1777132007,XopG,2RQ0,2RQcKTtG0,2026/04/26(日) 00:46:47.802
1777131996,Z5oH,1Wt0,1WtUXs6l0,2026/04/26(日) 00:46:36.543
1777131956,xMim,FpaY,Fpa0pujQY,2026/04/26(日) 00:45:56.984
1777131952,Nb2A,m/rR,m/r/mYHRR,2026/04/26(日) 00:45:52.366
1777131857,FQAW,a60H,a60PLJG8H,2026/04/26(日) 00:44:17.728
1777131842,hNEh,EsLt,EsLsXcbct,2026/04/26(日) 00:44:02.728
1777131834,8QET,aZnI,aZn.fDXgI,2026/04/26(日) 00:43:54.456
1777131821,YhR5,.1Ci,.1Czrs.Si,2026/04/26(日) 00:43:41.813
1777131804,dMdA,j103,j1087AKx3,2026/04/26(日) 00:43:24.354
1777131802,pdS9,5hj0,5hj6ubfg0,2026/04/26(日) 00:43:22.634
1777131801,qyaB,9HYt,9HYAcIaat,2026/04/26(日) 00:43:21.598
1777131800,8S8R,emHh,emHf.EzKh,2026/04/26(日) 00:43:20.164
1777131797,iUKb,WPs0,WPsAuySF0,2026/04/26(日) 00:43:17.576
1777131795,ewgH,6z8Y,6z8/lUPXY,2026/04/26(日) 00:43:15.231
1777131787,cGGV,vQkQ,vQkmGFCBQ,2026/04/26(日) 00:43:07.080
1777131783,nwO5,41Ug,41USldT0g,2026/04/26(日) 00:43:03.230
1777131776,djuB,qTb8,qTb/JaBz8,2026/04/26(日) 00:42:56.292
1777131775,ElyB,Q0BS,Q0B/943jS,2026/04/26(日) 00:42:55.679
1777131771,RBEa,srAi,srAFk3i6i,2026/04/26(日) 00:42:51.906
1777131749,HlWz,XPFq,XPFwEKmLq,2026/04/26(日) 00:42:29.213
1777131744,xwLJ,btlw,btlTre5sw,2026/04/26(日) 00:42:24.928
1777131731,8Syg,fVRU,fVRQlF4BU,2026/04/26(日) 00:42:11.245
1777131721,+VFq,kyP6,kyP2KPBR6,2026/04/26(日) 00:42:01.683
1777131705,JGK/,WR20,WR2m.JoZ0,2026/04/26(日) 00:41:45.568
1777131693,zDow,LwXR,LwXAg9qzR,2026/04/26(日) 00:41:33.411
1777131684,Mf01,6.9z,6.9LdrNkz,2026/04/26(日) 00:41:24.580
1777131670,8PiQ,FUIm,FUIzluZwm,2026/04/26(日) 00:41:10.085
1777131627,Gnkq,1qni,1qnZhW5Ri,2026/04/26(日) 00:40:27.163
1777131613,xddm,OZOV,OZOh.6wHV,2026/04/26(日) 00:40:13.705
1777131584,YH5e,lmKY,lmKswRGsY,2026/04/26(日) 00:39:44.734
1777131571,nTWX,NCOS,NCO.409VS,2026/04/26(日) 00:39:31.922
1777131547,hNEh,EsLt,EsLsXcbct,2026/04/26(日) 00:39:07.455
1777131544,7kgS,3/.B,3/.pRzulB,2026/04/26(日) 00:39:04.591
1777131538,ccDv,Gw1P,Gw1NtssGP,2026/04/26(日) 00:38:58.483
1777131529,vyDg,GWLm,GWL1Mj7Im,2026/04/26(日) 00:38:49.281
1777131517,R8lQ,Isk0,IskV3H480,2026/04/26(日) 00:38:37.191
1777131484,0h/D,QdEv,QdEACXY2v,2026/04/26(日) 00:38:04.996
1777131426,tcR1,Fm0W,Fm0cV69MW,2026/04/26(日) 00:37:06.284
1777131389,XaWP,XPnV,XPnyHagKV,2026/04/26(日) 00:36:29.371
1777131341,IPmG,UJGf,UJGaC.1xf,2026/04/26(日) 00:35:41.836
1777131312,oe/P,WWQT,WWQ8aAMAT,2026/04/26(日) 00:35:12.847
1777131295,2pFB,Vip3,VipFreu53,2026/04/26(日) 00:34:55.293
1777131182,R+W0,pvf7,pvfScr3B7,2026/04/26(日) 00:33:02.644
1777131115,lFyC,YbXt,YbXsUY.1t,2026/04/26(日) 00:31:55.519
1777131080,Gahc,Kyzq,KyzD5meMq,2026/04/26(日) 00:31:20.019
1777131066,tcR1,zzj4,zzjOIXOd4,2026/04/26(日) 00:31:06.713
1777131039,gYm2,0Ef3,0EfJQYhT3,2026/04/26(日) 00:30:39.244
1777131014,+F2d,Ml/n,Ml/yKFsYn,2026/04/26(日) 00:30:14.129
1777130959,EfVT,4ltQ,4ltfZzBFQ,2026/04/26(日) 00:29:19.354
1777130958,iykZ,/yXh,/yXtv2Bdh,2026/04/26(日) 00:29:18.159
1777130954,JN0O,Q/x0,Q/xtt0Q60,2026/04/26(日) 00:29:14.245
1777130924,djuB,pe9B,pe9RNIqyB,2026/04/26(日) 00:28:44.134
1777130885,P+r+,Kgy8,KgyevbSP8,2026/04/26(日) 00:28:05.260
1777130855,Mj/6,rtPv,rtPy1r8ev,2026/04/26(日) 00:27:35.689
1777130774,wDQN,HTpC,HTpkpD7BC,2026/04/26(日) 00:26:14.942
1777130696,tcR1,zzj4,zzjOIXOd4,2026/04/26(日) 00:24:56.078
1777130645,GB+1,M6IL,M6ICgq5BL,2026/04/26(日) 00:24:05.008
1777130636,gP4N,bU6M,bU6PpwQ2M,2026/04/26(日) 00:23:56.677
1777130611,iykZ,/yXh,/yXtv2Bdh,2026/04/26(日) 00:23:31.465
1777130597,GU8Q,VnXt,VnXLWug3t,2026/04/26(日) 00:23:17.920
1777130494,VrEu,EYyL,EYyNtnPFL,2026/04/26(日) 00:21:34.740
1777130407,+fVb,rqoQ,rqoI.RO4Q,2026/04/26(日) 00:20:07.463
1777130398,Y106,boUB,boUox0lvB,2026/04/26(日) 00:19:58.857
1777130388,QWKk,1l2Z,1l2uDS2nZ,2026/04/26(日) 00:19:48.809
1777130384,OBNY,g1tr,g1tzi8Xxr,2026/04/26(日) 00:19:44.103
1777130037,KZSn,rH0i,rH08hOn2i,2026/04/26(日) 00:13:57.773
1777130012,pf7+,hU0r,hU08VPuqr,2026/04/26(日) 00:13:32.832
1777129896,jliR,AThZ,AThIleQiZ,2026/04/26(日) 00:11:36.785
1777129763,XwZl,j0bp,j0b7V2xFp,2026/04/26(日) 00:09:23.246
1777129704,Zp2P,SM.q,SM.TNff2q,2026/04/26(日) 00:08:24.120
1777129304,ZJSR,pg5m,pg5xSlSqm,2026/04/26(日) 00:01:44.437
1777129297,gnpg,9OAO,9OA6r4VuO,2026/04/26(日) 00:01:37.564
1777129243,cZ6g,5evq,5evuUgKdq,2026/04/26(日) 00:00:43.307
1777129203,DoLa,JcUR,JcUz5gmfR,2026/04/26(日) 00:00:03.317
1777129201,DNip,bxyn,bxyF9WB8n,2026/04/26(日) 00:00:01.171
1777129060,MCav,dr6o,dr6kFCTMo,2026/04/25(土) 23:57:40.328
1777128918,QsnB,/UBe,/UBm8Gj.e,2026/04/25(土) 23:55:18.484
1777128772,fseF,Vep7,VepE.sog7,2026/04/25(土) 23:52:52.161
1777127642,fseF,Vep7,VepE.sog7,2026/04/25(土) 23:34:02.366
1777125314,MBna,ODDE,ODDQ546aE,2026/04/25(土) 22:55:14.973
1777124035,gXiW,SCTd,SCT5H73Md,2026/04/25(土) 22:33:55.391
1777123884,ehPt,FpiL,FpiFgdpYL,2026/04/25(土) 22:31:24.002
1777122001,o5Xw,/LzW,/Lztbb7WW,2026/04/25(土) 22:00:01.215
1777120001,Tm4i,q2ss,q2s8Q1cJs,2026/04/25(土) 21:26:41.162
